Category,Location,Keyword,Name,URL
phở,"Quận 1, TP. Hồ Chí Minh","phở ở Quận 1, TP. Hồ Chí Minh",Pho Hung,https://www.google.com/maps/place/Pho+Hung/data=!4m7!3m6!1s0x31752f19d15e3a81:0xdcd7728d53d90a88!8m2!3d10.7649002!4d106.687693!16s%2Fg%2F11bwg6pds7!19sChIJgTpe0RkvdTERiArZU41y19w?authuser=0&hl=en&rclk=1
phở,"Quận 1, TP. Hồ Chí Minh","phở ở Quận 1, TP. Hồ Chí Minh",Pho Viet Nam,https://www.google.com/maps/place/Pho+Viet+Nam/data=!4m7!3m6!1s0x31752fba354e2425:0xa794a1a48ee7a0ca!8m2!3d10.771386!4d106.6961339!16s%2Fg%2F11sbfdzrgc!19sChIJJSRONbovdTERyqDnjqShlKc?authuser=0&hl=en&rclk=1
phở,"Quận 1, TP. Hồ Chí Minh","phở ở Quận 1, TP. Hồ Chí Minh",Phu Vuong Pho,https://www.google.com/maps/place/Phu+Vuong+Pho/data=!4m7!3m6!1s0x31752f3fe8f7e83d:0xc9d55225beeb91f!8m2!3d10.7683844!4d106.6985582!16s%2Fg%2F11bzr66btd!19sChIJPej36D8vdTERH7nuWyJVnQw?authuser=0&hl=en&rclk=1
phở,"Quận 1, TP. Hồ Chí Minh","phở ở Quận 1, TP. Hồ Chí Minh",Phở Phượng,https://www.google.com/maps/place/Ph%E1%BB%9F+Ph%C6%B0%E1%BB%A3ng/data=!4m7!3m6!1s0x31752945b4a30467:0x7c42e467e06eead6!8m2!3d10.7919219!4d106.7044668!16s%2Fg%2F11mb0gh4z_!19sChIJZwSjtEUpdTER1upu4GfkQnw?authuser=0&hl=en&rclk=1
phở,"Quận 1, TP. Hồ Chí Minh","phở ở Quận 1, TP. Hồ Chí Minh",Phở Bê Thanh Đa,https://www.google.com/maps/place/Ph%E1%BB%9F+B%C3%AA+Thanh+%C4%90a/data=!4m7!3m6!1s0x31752990a2a81a2f:0xce0d313fc8c60725!8m2!3d10.7918934!4d106.704587!16s%2Fg%2F11rkhz9dsc!19sChIJLxqoopApdTERJQfGyD8xDc4?authuser=0&hl=en&rclk=1
phở,"Quận 1, TP. Hồ Chí Minh","phở ở Quận 1, TP. Hồ Chí Minh",Xưởng Phở 118 - Lẩu Bò,https://www.google.com/maps/place/X%C6%B0%E1%BB%9Fng+Ph%E1%BB%9F+118+-+L%E1%BA%A9u+B%C3%B2/data=!4m7!3m6!1s0x31752f966be65d47:0x344d9333f4396449!8m2!3d10.7695597!4d106.6922183!16s%2Fg%2F11tnrpv3vd!19sChIJR13ma5YvdTERSWQ59DOTTTQ?authuser=0&hl=en&rclk=1
phở,"Quận 1, TP. Hồ Chí Minh","phở ở Quận 1, TP. Hồ Chí Minh",Phở Cao Vân,https://www.google.com/maps/place/Ph%E1%BB%9F+Cao+V%C3%A2n/data=!4m7!3m6!1s0x31752f35f19a3ecd:0x58cb02188cf99385!8m2!3d10.784713!4d106.699285!16s%2Fg%2F11cl_4grh1!19sChIJzT6a8TUvdTERhZP5jBgCy1g?authuser=0&hl=en&rclk=1
phở,"Quận 1, TP. Hồ Chí Minh","phở ở Quận 1, TP. Hồ Chí Minh",Phở Minh,https://www.google.com/maps/place/Ph%E1%BB%9F+Minh/data=!4m7!3m6!1s0x31752f4764af0cbf:0xec9c126596ecdfa3!8m2!3d10.774811!4d106.700278!16s%2Fg%2F11bwc_z_c2!19sChIJvwyvZEcvdTERo9_slmUSnOw?authuser=0&hl=en&rclk=1
phở,"Quận 1, TP. Hồ Chí Minh","phở ở Quận 1, TP. Hồ Chí Minh",Phở Sâm Ngọc Linh - Nguyễn Huệ,https://www.google.com/maps/place/Ph%E1%BB%9F+S%C3%A2m+Ng%E1%BB%8Dc+Linh+-+Nguy%E1%BB%85n+Hu%E1%BB%87/data=!4m7!3m6!1s0x31752f2bed77dc0f:0xf3ed06df3b2b4db6!8m2!3d10.7734076!4d106.7047913!16s%2Fg%2F11vt9pq2fw!19sChIJD9x37SsvdTERtk0rO98G7fM?authuser=0&hl=en&rclk=1
phở,"Quận 1, TP. Hồ Chí Minh","phở ở Quận 1, TP. Hồ Chí Minh",Phở Ông Cát Gia Truyền Since 1988,https://www.google.com/maps/place/Ph%E1%BB%9F+%C3%94ng+C%C3%A1t+Gia+Truy%E1%BB%81n+Since+1988/data=!4m7!3m6!1s0x31752f53c8b37ffd:0x8b2147a6b458d22f!8m2!3d10.768487!4d106.6930859!16s%2Fg%2F11tdqdtcgk!19sChIJ_X-zyFMvdTERL9JYtKZHIYs?authuser=0&hl=en&rclk=1
phở,"Quận 1, TP. Hồ Chí Minh","phở ở Quận 1, TP. Hồ Chí Minh",Phở Vị,https://www.google.com/maps/place/Ph%E1%BB%9F+V%E1%BB%8B/data=!4m7!3m6!1s0x31752f3fb0b08a91:0x63e50be8d0cf2096!8m2!3d10.7625395!4d106.6871291!16s%2Fg%2F11tcxwr2bb!19sChIJkYqwsD8vdTERliDP0OgL5WM?authuser=0&hl=en&rclk=1
phở,"Quận 1, TP. Hồ Chí Minh","phở ở Quận 1, TP. Hồ Chí Minh",Quán Phở Hà,https://www.google.com/maps/place/Qu%C3%A1n+Ph%E1%BB%9F+H%C3%A0/data=!4m7!3m6!1s0x31752f410d62709b:0xfed7fcd59d539a20!8m2!3d10.7705473!4d106.7041434!16s%2Fg%2F11cs31w4ql!19sChIJm3BiDUEvdTERIJpTndX81_4?authuser=0&hl=en&rclk=1
phở,"Quận 1, TP. Hồ Chí Minh","phở ở Quận 1, TP. Hồ Chí Minh",Phở Hải,https://www.google.com/maps/place/Ph%E1%BB%9F+H%E1%BA%A3i/data=!4m7!3m6!1s0x317528cc3268ff57:0xc61917f5707abef7!8m2!3d10.7942671!4d106.6912214!16s%2Fg%2F11ggb8wgzy!19sChIJV_9oMswodTER9756cPUXGcY?authuser=0&hl=en&rclk=1
phở,"Quận 1, TP. Hồ Chí Minh","phở ở Quận 1, TP. Hồ Chí Minh",Pho Hien nguyễn trãi,https://www.google.com/maps/place/Pho+Hien+nguy%E1%BB%85n+tr%C3%A3i/data=!4m7!3m6!1s0x31752f19c2c34077:0x58e66501cbf9d631!8m2!3d10.764155!4d106.687491!16s%2Fg%2F1pzsy7c5_!19sChIJd0DDwhkvdTERMdb5ywFl5lg?authuser=0&hl=en&rclk=1
phở,"Quận 1, TP. Hồ Chí Minh","phở ở Quận 1, TP. Hồ Chí Minh",Pho Quynh,https://www.google.com/maps/place/Pho+Quynh/data=!4m7!3m6!1s0x31752f17d6af4ef1:0xd259ec5b0741bc80!8m2!3d10.7674471!4d106.690655!16s%2Fg%2F11b7q0b3f3!19sChIJ8U6v1hcvdTERgLxBB1vsWdI?authuser=0&hl=en&rclk=1
phở,"Quận 1, TP. Hồ Chí Minh","phở ở Quận 1, TP. Hồ Chí Minh",Pho Ngoc,https://www.google.com/maps/place/Pho+Ngoc/data=!4m7!3m6!1s0x31752f113e8499b1:0x22774c9b031480f!8m2!3d10.7608781!4d106.6931794!16s%2Fg%2F11c1x8bk7r!19sChIJsZmEPhEvdTERD0gxsMl0JwI?authuser=0&hl=en&rclk=1
phở,"Quận 1, TP. Hồ Chí Minh","phở ở Quận 1, TP. Hồ Chí Minh",Phở Hiền 1985- Trần Quang Khải,https://www.google.com/maps/place/Ph%E1%BB%9F+Hi%E1%BB%81n+1985-+Tr%E1%BA%A7n+Quang+Kh%E1%BA%A3i/data=!4m7!3m6!1s0x317528cc7c0f91b3:0x462718de3a7eb740!8m2!3d10.7927471!4d106.6935179!16s%2Fg%2F1tp05lj0!19sChIJs5EPfMwodTERQLd-Ot4YJ0Y?authuser=0&hl=en&rclk=1
phở,"Quận 1, TP. Hồ Chí Minh","phở ở Quận 1, TP. Hồ Chí Minh",PHỞ HÀ,https://www.google.com/maps/place/PH%E1%BB%9E+H%C3%80/data=!4m7!3m6!1s0x31752f38e1a83783:0x82c55a5f55ef168f!8m2!3d10.7719579!4d106.7052226!16s%2Fg%2F1tk1wk1f!19sChIJgzeo4TgvdTERjxbvVV9axYI?authuser=0&hl=en&rclk=1
phở,"Quận 1, TP. Hồ Chí Minh","phở ở Quận 1, TP. Hồ Chí Minh",PHỞ SOL - Q1 (Phở & Các Món Ngon Từ Phở),https://www.google.com/maps/place/PH%E1%BB%9E+SOL+-+Q1+%28Ph%E1%BB%9F+%26+C%C3%A1c+M%C3%B3n+Ngon+T%E1%BB%AB+Ph%E1%BB%9F%29/data=!4m7!3m6!1s0x31752fcd3af52e1f:0x16bda41d2ba47104!8m2!3d10.7717123!4d106.7050306!16s%2Fg%2F11s3gsch3j!19sChIJHy71Os0vdTERBHGkKx2kvRY?authuser=0&hl=en&rclk=1
phở,"Quận 1, TP. Hồ Chí Minh","phở ở Quận 1, TP. Hồ Chí Minh",Phở bò viên thập cẩm,https://www.google.com/maps/place/Ph%E1%BB%9F+b%C3%B2+vi%C3%AAn+th%E1%BA%ADp+c%E1%BA%A9m/data=!4m7!3m6!1s0x31752f407d4319df:0x64e44d2db9f07730!8m2!3d10.7703122!4d106.7010063!16s%2Fg%2F11fz9y1rvn!19sChIJ3xlDfUAvdTERMHfwuS1N5GQ?authuser=0&hl=en&rclk=1
phở,"Quận 1, TP. Hồ Chí Minh","phở ở Quận 1, TP. Hồ Chí Minh",PHỞ THÌN QUẬN 1 (Phở Thìn 13 Lò Đúc)| Phở ngon Sài Gòn,https://www.google.com/maps/place/PH%E1%BB%9E+TH%C3%8CN+QU%E1%BA%ACN+1+%28Ph%E1%BB%9F+Th%C3%ACn+13+L%C3%B2+%C4%90%C3%BAc%29%7C+Ph%E1%BB%9F+ngon+S%C3%A0i+G%C3%B2n/data=!4m7!3m6!1s0x31752f77874f6e07:0xc330879c8a05a03f!8m2!3d10.7681788!4d106.6970277!16s%2Fg%2F11tx_tx1z7!19sChIJB25Ph3cvdTERP6AFipyHMMM?authuser=0&hl=en&rclk=1
phở,"Quận 1, TP. Hồ Chí Minh","phở ở Quận 1, TP. Hồ Chí Minh",Phở Hằng,https://www.google.com/maps/place/Ph%E1%BB%9F+H%E1%BA%B1ng/data=!4m7!3m6!1s0x31752f004918983b:0xbe01ca100a54a1b4!8m2!3d10.7694102!4d106.689254!16s%2Fg%2F11w2vxytxf!19sChIJO5gYSQAvdTERtKFUChDKAb4?authuser=0&hl=en&rclk=1
phở,"Quận 1, TP. Hồ Chí Minh","phở ở Quận 1, TP. Hồ Chí Minh",Phở Hiền,https://www.google.com/maps/place/Ph%E1%BB%9F+Hi%E1%BB%81n/data=!4m7!3m6!1s0x3175293bef25807f:0x463a84c22a65f30a!8m2!3d10.794475!4d106.6910249!16s%2Fg%2F11qztk431p!19sChIJf4Al7zspdTERCvNlKsKEOkY?authuser=0&hl=en&rclk=1
phở,"Quận 1, TP. Hồ Chí Minh","phở ở Quận 1, TP. Hồ Chí Minh",Phở gia truyền Nam Định,https://www.google.com/maps/place/Ph%E1%BB%9F+gia+truy%E1%BB%81n+Nam+%C4%90%E1%BB%8Bnh/data=!4m7!3m6!1s0x31752f817b0d26c3:0xf5181c6288159f69!8m2!3d10.7636698!4d106.6890646!16s%2Fg%2F11j2xn07s8!19sChIJwyYNe4EvdTERaZ8ViGIcGPU?authuser=0&hl=en&rclk=1
phở,"Quận 1, TP. Hồ Chí Minh","phở ở Quận 1, TP. Hồ Chí Minh",Quan Pho Con Bo Vang,https://www.google.com/maps/place/Quan+Pho+Con+Bo+Vang/data=!4m7!3m6!1s0x31752f0068d8a849:0xff72644072c5beb5!8m2!3d10.7649736!4d106.6951665!16s%2Fg%2F11vwrhlpwh!19sChIJSajYaAAvdTERtb7FckBkcv8?authuser=0&hl=en&rclk=1
phở,"Quận 1, TP. Hồ Chí Minh","phở ở Quận 1, TP. Hồ Chí Minh",Phở Hà,https://www.google.com/maps/place/Ph%E1%BB%9F+H%C3%A0/data=!4m7!3m6!1s0x31752fb05fc402a7:0xe333ac8921d34f1e!8m2!3d10.7579001!4d106.6890574!16s%2Fg%2F11k0rc3whh!19sChIJpwLEX7AvdTERHk_TIYmsM-M?authuser=0&hl=en&rclk=1
phở,"Quận 1, TP. Hồ Chí Minh","phở ở Quận 1, TP. Hồ Chí Minh",Phở Thái Sơn,https://www.google.com/maps/place/Ph%E1%BB%9F+Th%C3%A1i+S%C6%A1n/data=!4m7!3m6!1s0x31752fac16085499:0xdfd4b34d92badc!8m2!3d10.769078!4d106.6910068!16s%2Fg%2F11ql_2p42g!19sChIJmVQIFqwvdTER3LqSTbPU3wA?authuser=0&hl=en&rclk=1
phở,"Quận 1, TP. Hồ Chí Minh","phở ở Quận 1, TP. Hồ Chí Minh",Phở 2000,https://www.google.com/maps/place/Ph%E1%BB%9F+2000/data=!4m7!3m6!1s0x31752f3f234639e1:0x82e9aa6192f04de5!8m2!3d10.7727149!4d106.6967629!16s%2Fg%2F1tdqdzbp!19sChIJ4TlGIz8vdTER5U3wkmGq6YI?authuser=0&hl=en&rclk=1
phở,"Quận 1, TP. Hồ Chí Minh","phở ở Quận 1, TP. Hồ Chí Minh",Phở Thanh Bình,https://www.google.com/maps/place/Ph%C6%A1%CC%89+Thanh+Bi%CC%80nh/data=!4m7!3m6!1s0x31752f4a73fe90e5:0xa9156916d8c04f01!8m2!3d10.7853481!4d106.7002547!16s%2Fg%2F1wn314xt!19sChIJ5ZD-c0ovdTERAU_A2BZpFak?authuser=0&hl=en&rclk=1
phở,"Quận 1, TP. Hồ Chí Minh","phở ở Quận 1, TP. Hồ Chí Minh",Phở Minh ( Văn Hiến) - Quán Phở Quận 1,https://www.google.com/maps/place/Ph%E1%BB%9F+Minh+%28+V%C4%83n+Hi%E1%BA%BFn%29+-+Qu%C3%A1n+Ph%E1%BB%9F+Qu%E1%BA%ADn+1/data=!4m7!3m6!1s0x31752f32c375c8bf:0x64cd6a3cd2593432!8m2!3d10.7699365!4d106.6883031!16s%2Fg%2F11v9y7pg8w!19sChIJv8h1wzIvdTERMjRZ0jxqzWQ?authuser=0&hl=en&rclk=1
phở,"Quận 1, TP. Hồ Chí Minh","phở ở Quận 1, TP. Hồ Chí Minh",Phở Số 1 Hà Nội,https://www.google.com/maps/place/Ph%E1%BB%9F+S%E1%BB%91+1+H%C3%A0+N%E1%BB%99i/data=!4m7!3m6!1s0x31752f4a0b1dee23:0x43a6a9aef02a8f52!8m2!3d10.7848418!4d106.7000801!16s%2Fg%2F11cmh011__!19sChIJI-4dC0ovdTERUo8q8K6ppkM?authuser=0&hl=en&rclk=1
phở,"Quận 1, TP. Hồ Chí Minh","phở ở Quận 1, TP. Hồ Chí Minh",Phở Thịnh,https://www.google.com/maps/place/Ph%E1%BB%9F+Th%E1%BB%8Bnh/data=!4m7!3m6!1s0x31752fb4b845d115:0x657a5aae38c0cbc4!8m2!3d10.771159!4d106.6875859!16s%2Fg%2F11j65l9yw3!19sChIJFdFFuLQvdTERxMvAOK5aemU?authuser=0&hl=en&rclk=1
phở,"Quận 1, TP. Hồ Chí Minh","phở ở Quận 1, TP. Hồ Chí Minh",Phở Hải Triều,https://www.google.com/maps/place/Ph%E1%BB%9F+H%E1%BA%A3i+Tri%E1%BB%81u/data=!4m7!3m6!1s0x31752f4144e8ae37:0xa412567e3778cae4!8m2!3d10.7716833!4d106.7050624!16s%2Fg%2F11gh049jq4!19sChIJN67oREEvdTER5Mp4N35WEqQ?authuser=0&hl=en&rclk=1
phở,"Quận 1, TP. Hồ Chí Minh","phở ở Quận 1, TP. Hồ Chí Minh",Phở Hoàng,https://www.google.com/maps/place/Ph%E1%BB%9F+Ho%C3%A0ng/data=!4m7!3m6!1s0x317529502018fc5b:0x8ddd105cc46bebb7!8m2!3d10.7919676!4d106.6957429!16s%2Fg%2F11s94hxv6d!19sChIJW_wYIFApdTERt-trxFwQ3Y0?authuser=0&hl=en&rclk=1
phở,"Quận 1, TP. Hồ Chí Minh","phở ở Quận 1, TP. Hồ Chí Minh",Phở Thìn - Lê Thị Hồng Gấm,https://www.google.com/maps/place/Ph%E1%BB%9F+Th%C3%ACn+-+L%C3%AA+Th%E1%BB%8B+H%E1%BB%93ng+G%E1%BA%A5m/data=!4m7!3m6!1s0x31752f003baf145f:0xac05a0846cad8168!8m2!3d10.769133!4d106.697582!16s%2Fg%2F11vx5dyk0z!19sChIJXxSvOwAvdTERaIGtbISgBaw?authuser=0&hl=en&rclk=1
phở,"Quận 1, TP. Hồ Chí Minh","phở ở Quận 1, TP. Hồ Chí Minh",Phở Sâm Ngọc Linh và K5 coffee,https://www.google.com/maps/place/Ph%E1%BB%9F+S%C3%A2m+Ng%E1%BB%8Dc+Linh+v%C3%A0+K5+coffee/data=!4m7!3m6!1s0x31752f236fb15841:0xf71d3baf05fba0c9!8m2!3d10.7726299!4d106.6989322!16s%2Fg%2F11jt2vjcyf!19sChIJQVixbyMvdTERyaD7Ba87Hfc?authuser=0&hl=en&rclk=1
phở,"Quận 1, TP. Hồ Chí Minh","phở ở Quận 1, TP. Hồ Chí Minh",Phở Bò - Chú Thoon,https://www.google.com/maps/place/Ph%E1%BB%9F+B%C3%B2+-+Ch%C3%BA+Thoon/data=!4m7!3m6!1s0x31752f5f81f8a0b5:0xad6f151fed1e2870!8m2!3d10.7887744!4d106.7002626!16s%2Fg%2F11h1r2cstd!19sChIJtaD4gV8vdTERcCge7R8Vb60?authuser=0&hl=en&rclk=1
phở,"Quận 1, TP. Hồ Chí Minh","phở ở Quận 1, TP. Hồ Chí Minh",Phở Ông Già Đầu Bạc,https://www.google.com/maps/place/Ph%E1%BB%9F+%C3%94ng+Gi%C3%A0+%C4%90%E1%BA%A7u+B%E1%BA%A1c/data=!4m7!3m6!1s0x3175299462802fd9:0xf60237f52a213883!8m2!3d10.7924212!4d106.6880519!16s%2Fg%2F11rvgypchm!19sChIJ2S-AYpQpdTERgzghKvU3AvY?authuser=0&hl=en&rclk=1
phở,"Quận 1, TP. Hồ Chí Minh","phở ở Quận 1, TP. Hồ Chí Minh","Quán Miến Phở Gà, Phố Nướng Mai Xuân Cảnh","https://www.google.com/maps/place/Qu%C3%A1n+Mi%E1%BA%BFn+Ph%E1%BB%9F+G%C3%A0,+Ph%E1%BB%91+N%C6%B0%E1%BB%9Bng+Mai+Xu%C3%A2n+C%E1%BA%A3nh/data=!4m7!3m6!1s0x31752f37f930bb13:0xe582e51d0cf9405e!8m2!3d10.779316!4d106.7003984!16s%2Fg%2F11btmrz8zn!19sChIJE7sw-TcvdTERXkD5DB3lguU?authuser=0&hl=en&rclk=1"
phở,"Quận 1, TP. Hồ Chí Minh","phở ở Quận 1, TP. Hồ Chí Minh",Quán Phở Hải Vân,https://www.google.com/maps/place/Qu%C3%A1n+Ph%E1%BB%9F+H%E1%BA%A3i+V%C3%A2n/data=!4m7!3m6!1s0x31752fb2a4914139:0xa0ba393d947bbca9!8m2!3d10.7608332!4d106.6894666!16s%2Fg%2F11j4kt5whm!19sChIJOUGRpLIvdTERqbx7lD05uqA?authuser=0&hl=en&rclk=1
phở,"Quận 1, TP. Hồ Chí Minh","phở ở Quận 1, TP. Hồ Chí Minh",PHỞ 24 - 9 NGUYỄN VĂN CHIÊM,https://www.google.com/maps/place/PH%E1%BB%9E+24+-+9+NGUY%E1%BB%84N+V%C4%82N+CHI%C3%8AM/data=!4m7!3m6!1s0x31752f364a5c59e3:0x8b0ec329c080f9b6!8m2!3d10.7816777!4d106.6984117!16s%2Fg%2F11g8_460nn!19sChIJ41lcSjYvdTERtvmAwCnDDos?authuser=0&hl=en&rclk=1
phở,"Quận 1, TP. Hồ Chí Minh","phở ở Quận 1, TP. Hồ Chí Minh",Phở Bờm,https://www.google.com/maps/place/Ph%E1%BB%9F+B%E1%BB%9Dm/data=!4m7!3m6!1s0x31752f00083fa2fd:0x23041b10d6654d2b!8m2!3d10.7701525!4d106.6884335!16s%2Fg%2F11wbfg9c07!19sChIJ_aI_CAAvdTERK01l1hAbBCM?authuser=0&hl=en&rclk=1
phở,"Quận 1, TP. Hồ Chí Minh","phở ở Quận 1, TP. Hồ Chí Minh",Mama Phở,https://www.google.com/maps/place/Mama+Ph%E1%BB%9F/data=!4m7!3m6!1s0x31752f412cd0fe35:0xff48dd10ae62569b!8m2!3d10.7736811!4d106.6982538!16s%2Fg%2F11c1p6919p!19sChIJNf7QLEEvdTERm1ZirhDdSP8?authuser=0&hl=en&rclk=1
phở,"Quận 1, TP. Hồ Chí Minh","phở ở Quận 1, TP. Hồ Chí Minh",Phở Thu Hiền,https://www.google.com/maps/place/Ph%E1%BB%9F+Thu+Hi%E1%BB%81n/data=!4m7!3m6!1s0x317528ca540dc137:0xeb7f7e04319b1040!8m2!3d10.792403!4d106.697481!16s%2Fg%2F11c1_vkd6m!19sChIJN8ENVMoodTERQBCbMQR-f-s?authuser=0&hl=en&rclk=1
phở,"Quận 1, TP. Hồ Chí Minh","phở ở Quận 1, TP. Hồ Chí Minh",Phở Xe Lửa,https://www.google.com/maps/place/Ph%E1%BB%9F+Xe+L%E1%BB%ADa/data=!4m7!3m6!1s0x31752f376532f3ef:0x4f6d2077023f0f27!8m2!3d10.7791296!4d106.6961587!16s%2Fg%2F11cjj97y9p!19sChIJ7_MyZTcvdTERJw8_AncgbU8?authuser=0&hl=en&rclk=1
phở,"Quận 1, TP. Hồ Chí Minh","phở ở Quận 1, TP. Hồ Chí Minh",Bún Phở Hà nội,https://www.google.com/maps/place/B%C3%BAn+Ph%E1%BB%9F+H%C3%A0+n%E1%BB%99i/data=!4m7!3m6!1s0x31752f060faac397:0x5cd5f1f87b2c5123!8m2!3d10.7723349!4d106.6906557!16s%2Fg%2F11fw_2m8_3!19sChIJl8OqDwYvdTERI1Ese_jx1Vw?authuser=0&hl=en&rclk=1
phở,"Quận 1, TP. Hồ Chí Minh","phở ở Quận 1, TP. Hồ Chí Minh",PHỞ 24 - 158D PASTEUR,https://www.google.com/maps/place/PH%E1%BB%9E+24+-+158D+PASTEUR/data=!4m7!3m6!1s0x31752f3648071ad5:0xabb602980edd971d!8m2!3d10.777164!4d106.699656!16s%2Fg%2F11b6dp2qr8!19sChIJ1RoHSDYvdTERHZfdDpgCtqs?authuser=0&hl=en&rclk=1
phở,"Quận 1, TP. Hồ Chí Minh","phở ở Quận 1, TP. Hồ Chí Minh",Phở Dũng (hẻm 153 NTMK),https://www.google.com/maps/place/Ph%E1%BB%9F+D%C5%A9ng+%28h%E1%BA%BBm+153+NTMK%29/data=!4m7!3m6!1s0x31752fe32640c7d9:0x4ae1caa9210ed86d!8m2!3d10.770512!4d106.68688!16s%2Fg%2F11h18crsg4!19sChIJ2cdAJuMvdTERbdgOIanK4Uo?authuser=0&hl=en&rclk=1
phở,"Quận 1, TP. Hồ Chí Minh","phở ở Quận 1, TP. Hồ Chí Minh",Quan Bui - Original,https://www.google.com/maps/place/Quan+Bui+-+Original/data=!4m7!3m6!1s0x317528d29d23383f:0x985e8a9c4cf4b047!8m2!3d10.7813148!4d106.7058729!16s%2Fg%2F11xcs9x4w!19sChIJPzgjndIodTERR7D0TJyKXpg?authuser=0&hl=en&rclk=1
phở,"Quận 1, TP. Hồ Chí Minh","phở ở Quận 1, TP. Hồ Chí Minh",Phở Dậu,https://www.google.com/maps/place/Ph%E1%BB%9F+D%E1%BA%ADu/data=!4m7!3m6!1s0x31752f3c40ff3371:0x75b027bf94446206!8m2!3d10.7898196!4d106.6850666!16s%2Fg%2F11m2w6m2m1!19sChIJcTP_QDwvdTERBmJElL8nsHU?authuser=0&hl=en&rclk=1
phở,"Quận 1, TP. Hồ Chí Minh","phở ở Quận 1, TP. Hồ Chí Minh",Ẩm Thực Đường Phố,https://www.google.com/maps/place/%E1%BA%A8m+Th%E1%BB%B1c+%C4%90%C6%B0%E1%BB%9Dng+Ph%E1%BB%91/data=!4m7!3m6!1s0x31752f164bfdbcd3:0x360e0c34df1ed573!8m2!3d10.7659754!4d106.6913078!16s%2Fg%2F11c5ssv4hn!19sChIJ07z9SxYvdTERc9Ue3zQMDjY?authuser=0&hl=en&rclk=1
phở,"Quận 1, TP. Hồ Chí Minh","phở ở Quận 1, TP. Hồ Chí Minh",Quán Miến Phở Gà 43,https://www.google.com/maps/place/Qu%C3%A1n+Mi%E1%BA%BFn+Ph%E1%BB%9F+G%C3%A0+43/data=!4m7!3m6!1s0x31752f35c4e30cb1:0x85a361cb2c11eeca!8m2!3d10.7846925!4d106.6981005!16s%2Fg%2F1tjdtdlr!19sChIJsQzjxDUvdTERyu4RLMtho4U?authuser=0&hl=en&rclk=1
phở,"Quận 1, TP. Hồ Chí Minh","phở ở Quận 1, TP. Hồ Chí Minh",Phở SOL - Q4 (Phở & Các Món Ngon Từ Phở),https://www.google.com/maps/place/Ph%E1%BB%9F+SOL+-+Q4+%28Ph%E1%BB%9F+%26+C%C3%A1c+M%C3%B3n+Ngon+T%E1%BB%AB+Ph%E1%BB%9F%29/data=!4m7!3m6!1s0x31752f27dfcab11b:0x93ff4841cf032b50!8m2!3d10.7653152!4d106.7050254!16s%2Fg%2F11hn4rpttd!19sChIJG7HK3ycvdTERUCsDz0FI_5M?authuser=0&hl=en&rclk=1
phở,"Quận 1, TP. Hồ Chí Minh","phở ở Quận 1, TP. Hồ Chí Minh","Quốc Ký - Phở bò viên, Tái sa tế","https://www.google.com/maps/place/Qu%E1%BB%91c+K%C3%BD+-+Ph%E1%BB%9F+b%C3%B2+vi%C3%AAn,+T%C3%A1i+sa+t%E1%BA%BF/data=!4m7!3m6!1s0x31752f15353e7c5f:0x752e9ebb9fc10588!8m2!3d10.765962!4d106.699839!16s%2Fg%2F11clvjcsrj!19sChIJX3w-NRUvdTERiAXBn7ueLnU?authuser=0&hl=en&rclk=1"
phở,"Quận 1, TP. Hồ Chí Minh","phở ở Quận 1, TP. Hồ Chí Minh",Phở Hồng,https://www.google.com/maps/place/Ph%E1%BB%9F+H%E1%BB%93ng/data=!4m7!3m6!1s0x31752f8b7f48f83d:0xd4424b061bd7f3f!8m2!3d10.7674682!4d106.6869083!16s%2Fg%2F11j2x9n3v_!19sChIJPfhIf4svdTERP3-9YbAkRA0?authuser=0&hl=en&rclk=1
phở,"Quận 1, TP. Hồ Chí Minh","phở ở Quận 1, TP. Hồ Chí Minh",Phở Mong,https://www.google.com/maps/place/Ph%E1%BB%9F+Mong/data=!4m7!3m6!1s0x31752fd764b243c7:0xf51cfd85fdcca59!8m2!3d10.7592985!4d106.69888!16s%2Fg%2F11sgmg2zdd!19sChIJx0OyZNcvdTERWcrcX9jPUQ8?authuser=0&hl=en&rclk=1
phở,"Quận 1, TP. Hồ Chí Minh","phở ở Quận 1, TP. Hồ Chí Minh",Pho Le,https://www.google.com/maps/place/Pho+Le/data=!4m7!3m6!1s0x31752efd0082e183:0x5e357ac08bb03907!8m2!3d10.7552959!4d106.6735196!16s%2Fg%2F1tnpbxyd!19sChIJg-GCAP0udTERBzmwi8B6NV4?authuser=0&hl=en&rclk=1
phở,"Quận 1, TP. Hồ Chí Minh","phở ở Quận 1, TP. Hồ Chí Minh",Phở Hòa Pasteur,https://www.google.com/maps/place/Ph%E1%BB%9F+H%C3%B2a+Pasteur/data=!4m7!3m6!1s0x31752f26344ef6ef:0xd077b29b97dc202a!8m2!3d10.7866905!4d106.6892627!16s%2Fg%2F11k2fkf4rg!19sChIJ7_ZONCYvdTERKiDcl5uyd9A?authuser=0&hl=en&rclk=1
phở,"Quận 1, TP. Hồ Chí Minh","phở ở Quận 1, TP. Hồ Chí Minh","HÀ NỘI QUÁN - Phở Gà, Bún Thang","https://www.google.com/maps/place/H%C3%80+N%E1%BB%98I+QU%C3%81N+-+Ph%E1%BB%9F+G%C3%A0,+B%C3%BAn+Thang/data=!4m7!3m6!1s0x31752f44481954d9:0xeffc8c3076365853!8m2!3d10.7671486!4d106.6942912!16s%2Fg%2F11pz8l9t34!19sChIJ2VQZSEQvdTERU1g2djCM_O8?authuser=0&hl=en&rclk=1"
phở,"Quận 1, TP. Hồ Chí Minh","phở ở Quận 1, TP. Hồ Chí Minh",Quán Phở Trang,https://www.google.com/maps/place/Qu%C3%A1n+Ph%E1%BB%9F+Trang/data=!4m7!3m6!1s0x317528b4e93a7bb3:0xc27274f7935ff9cd!8m2!3d10.7889426!4d106.7033079!16s%2Fg%2F11b6dct4pw!19sChIJs3s66bQodTERzflfk_d0csI?authuser=0&hl=en&rclk=1
phở,"Quận 1, TP. Hồ Chí Minh","phở ở Quận 1, TP. Hồ Chí Minh",Phở Hiền,https://www.google.com/maps/place/Ph%E1%BB%9F+Hi%E1%BB%81n/data=!4m7!3m6!1s0x31752f33105110ff:0x26c380276febee53!8m2!3d10.7623266!4d106.6889386!16s%2Fg%2F11g4hqcwmk!19sChIJ_xBREDMvdTERU-7rbyeAwyY?authuser=0&hl=en&rclk=1
phở,"Quận 1, TP. Hồ Chí Minh","phở ở Quận 1, TP. Hồ Chí Minh",Phở Hồng,https://www.google.com/maps/place/Ph%E1%BB%9F+H%E1%BB%93ng/data=!4m7!3m6!1s0x3175292c730f27e3:0xdc2b5e1aaeff2993!8m2!3d10.7918964!4d106.7007846!16s%2Fg%2F11vf6xvv4f!19sChIJ4ycPcywpdTERkyn_rhpeK9w?authuser=0&hl=en&rclk=1
phở,"Quận 1, TP. Hồ Chí Minh","phở ở Quận 1, TP. Hồ Chí Minh",Phở gà bún thang Bảo Vân,https://www.google.com/maps/place/Ph%E1%BB%9F+g%C3%A0+b%C3%BAn+thang+B%E1%BA%A3o+V%C3%A2n/data=!4m7!3m6!1s0x317529000dd8eb49:0x4916c157f1606967!8m2!3d10.7916339!4d106.6893735!16s%2Fg%2F11y5jbt3bq!19sChIJSevYDQApdTERZ2lg8VfBFkk?authuser=0&hl=en&rclk=1
phở,"Quận 1, TP. Hồ Chí Minh","phở ở Quận 1, TP. Hồ Chí Minh",Phở Việt Nam,https://www.google.com/maps/place/Ph%E1%BB%9F+Vi%E1%BB%87t+Nam/data=!4m7!3m6!1s0x31752f22105e19b3:0x80627d765acbf473!8m2!3d10.7881865!4d106.6885695!16s%2Fg%2F11l9870tz8!19sChIJsxleECIvdTERc_TLWnZ9YoA?authuser=0&hl=en&rclk=1
phở,"Quận 1, TP. Hồ Chí Minh","phở ở Quận 1, TP. Hồ Chí Minh",Phở Tiên,https://www.google.com/maps/place/Ph%C6%A1%CC%89+Ti%C3%AAn/data=!4m7!3m6!1s0x31752f54c36c563b:0xd225d8263b099970!8m2!3d10.7721156!4d106.7040722!16s%2Fg%2F11j84x6v34!19sChIJO1Zsw1QvdTERcJkJOybYJdI?authuser=0&hl=en&rclk=1
phở,"Quận 1, TP. Hồ Chí Minh","phở ở Quận 1, TP. Hồ Chí Minh",Quán Phở Lộc 74,https://www.google.com/maps/place/Qu%C3%A1n+Ph%E1%BB%9F+L%E1%BB%99c+74/data=!4m7!3m6!1s0x317528cae80d400d:0x4574b1f53bfee4d1!8m2!3d10.7907281!4d106.6975876!16s%2Fg%2F11h6gbq95w!19sChIJDUAN6MoodTER0eT-O_WxdEU?authuser=0&hl=en&rclk=1
phở,"Quận 1, TP. Hồ Chí Minh","phở ở Quận 1, TP. Hồ Chí Minh",Phở - Bò Kho Chị Tươi,https://www.google.com/maps/place/Ph%E1%BB%9F+-+B%C3%B2+Kho+Ch%E1%BB%8B+T%C6%B0%C6%A1i/data=!4m7!3m6!1s0x31752f11a93a0c5b:0xb25a795ee6fc574d!8m2!3d10.7593082!4d106.6915581!16s%2Fg%2F11gfhd2vz7!19sChIJWww6qREvdTERTVf85l55WrI?authuser=0&hl=en&rclk=1
phở,"Quận 1, TP. Hồ Chí Minh","phở ở Quận 1, TP. Hồ Chí Minh",Phở 114,https://www.google.com/maps/place/Ph%C6%A1%CC%89+114/data=!4m7!3m6!1s0x31752f142c07ed93:0x5d21587d6e24d77e!8m2!3d10.7646749!4d106.6943595!16s%2Fg%2F11g8kshyzv!19sChIJk-0HLBQvdTERftckbn1YIV0?authuser=0&hl=en&rclk=1
phở,"Quận 1, TP. Hồ Chí Minh","phở ở Quận 1, TP. Hồ Chí Minh",Quán Bụi Central,https://www.google.com/maps/place/Qu%C3%A1n+B%E1%BB%A5i+Central/data=!4m7!3m6!1s0x31752f7e2a4017ad:0x6fc74e1815396f92!8m2!3d10.7808287!4d106.7063711!16s%2Fg%2F11srczr3z8!19sChIJrRdAKn4vdTERkm85FRhOx28?authuser=0&hl=en&rclk=1
phở,"Quận 1, TP. Hồ Chí Minh","phở ở Quận 1, TP. Hồ Chí Minh",Bếp Mẹ Ỉn - Vietnamese Restaurant,https://www.google.com/maps/place/B%E1%BA%BFp+M%E1%BA%B9+%E1%BB%88n+-+Vietnamese+Restaurant/data=!4m7!3m6!1s0x31752f38c6940c73:0x45638362bccc0517!8m2!3d10.7738567!4d106.6980798!16s%2Fg%2F11bzx1njh0!19sChIJcwyUxjgvdTERFwXMvGKDY0U?authuser=0&hl=en&rclk=1
phở,"Quận 1, TP. Hồ Chí Minh","phở ở Quận 1, TP. Hồ Chí Minh",MANA Station,https://www.google.com/maps/place/MANA+Station/data=!4m7!3m6!1s0x31752fd3bea193bb:0x725fbe1807742206!8m2!3d10.7766958!4d106.704838!16s%2Fg%2F11thkdrbm0!19sChIJu5OhvtMvdTERBiJ0Bxi-X3I?authuser=0&hl=en&rclk=1
phở,"Quận 1, TP. Hồ Chí Minh","phở ở Quận 1, TP. Hồ Chí Minh",Miến gà Sơn Nga,https://www.google.com/maps/place/Mi%E1%BA%BFn+g%C3%A0+S%C6%A1n+Nga/data=!4m7!3m6!1s0x317528b54fb5699d:0xab3e5fc2c5b6d122!8m2!3d10.7899983!4d106.7007629!16s%2Fg%2F1vhlvnwp!19sChIJnWm1T7UodTERItG2xcJfPqs?authuser=0&hl=en&rclk=1
phở,"Quận 1, TP. Hồ Chí Minh","phở ở Quận 1, TP. Hồ Chí Minh",Sen Đại Việt Restaurant - Seafood - Phở,https://www.google.com/maps/place/Sen+%C4%90%E1%BA%A1i+Vi%E1%BB%87t+Restaurant+-+Seafood+-+Ph%E1%BB%9F/data=!4m7!3m6!1s0x31752f686595e6bb:0xde6f2bac97883a00!8m2!3d10.7660518!4d106.6910226!16s%2Fg%2F11ty6yt44n!19sChIJu-aVZWgvdTERADqIl6wrb94?authuser=0&hl=en&rclk=1
phở,"Quận 1, TP. Hồ Chí Minh","phở ở Quận 1, TP. Hồ Chí Minh",Quán Phở Hương Bình,https://www.google.com/maps/place/Qu%C3%A1n+Ph%E1%BB%9F+H%C6%B0%C6%A1ng+B%C3%ACnh/data=!4m7!3m6!1s0x31752f330041db69:0x84e73f8e9f607fd1!8m2!3d10.7871062!4d106.691036!16s%2Fg%2F1thv_ng8!19sChIJadtBADMvdTER0X9gn44_54Q?authuser=0&hl=en&rclk=1
phở,"Quận 1, TP. Hồ Chí Minh","phở ở Quận 1, TP. Hồ Chí Minh",Phở Một Đô,https://www.google.com/maps/place/Ph%E1%BB%9F+M%E1%BB%99t+%C4%90%C3%B4/data=!4m7!3m6!1s0x317528b29eca2503:0x49be6679c55afa5a!8m2!3d10.790043!4d106.7113245!16s%2Fg%2F11b6qcxmqd!19sChIJAyXKnrIodTERWvpaxXlmvkk?authuser=0&hl=en&rclk=1
phở,"Quận 1, TP. Hồ Chí Minh","phở ở Quận 1, TP. Hồ Chí Minh",Phở-Bột chiên Đào,https://www.google.com/maps/place/Ph%E1%BB%9F-B%E1%BB%99t+chi%C3%AAn+%C4%90%C3%A0o/data=!4m7!3m6!1s0x31752fa831458ab3:0x9876c4f672230f5f!8m2!3d10.7605888!4d106.7083066!16s%2Fg%2F11sb9crb7m!19sChIJs4pFMagvdTERXw8jcvbEdpg?authuser=0&hl=en&rclk=1
phở,"Quận 1, TP. Hồ Chí Minh","phở ở Quận 1, TP. Hồ Chí Minh",Bún Riêu cua ốc Phan Rang,https://www.google.com/maps/place/B%C3%BAn+Ri%C3%AAu+cua+%E1%BB%91c+Phan+Rang/data=!4m7!3m6!1s0x31752f253b3b8303:0x4528b0cd94977851!8m2!3d10.7689839!4d106.6991841!16s%2Fg%2F11s7ystdhl!19sChIJA4M7OyUvdTERUXiXlM2wKEU?authuser=0&hl=en&rclk=1
phở,"Quận 1, TP. Hồ Chí Minh","phở ở Quận 1, TP. Hồ Chí Minh",Quán Ăn Thanh Bình,https://www.google.com/maps/place/Qu%C3%A1n+%C4%82n+Thanh+B%C3%ACnh/data=!4m7!3m6!1s0x31752f894dc5d495:0xf4edcd7c4546969f!8m2!3d10.7736068!4d106.6981203!16s%2Fg%2F11pb_3j7nh!19sChIJldTFTYkvdTERn5ZGRXzN7fQ?authuser=0&hl=en&rclk=1
phở,"Quận 1, TP. Hồ Chí Minh","phở ở Quận 1, TP. Hồ Chí Minh",Pho Anh,https://www.google.com/maps/place/Pho+Anh/data=!4m7!3m6!1s0x31752f2ea62caac1:0xf7d8b7b743c07a5d!8m2!3d10.7844559!4d106.6828148!16s%2Fg%2F1tgw7dlg!19sChIJwaospi4vdTERXXrAQ7e32Pc?authuser=0&hl=en&rclk=1
phở,"Quận 1, TP. Hồ Chí Minh","phở ở Quận 1, TP. Hồ Chí Minh",Bò Kho Cô Mai Since 1984 - Chi nhánh Hồ Tùng Mậu (Đối diện Bitexco),https://www.google.com/maps/place/B%C3%B2+Kho+C%C3%B4+Mai+Since+1984+-+Chi+nh%C3%A1nh+H%E1%BB%93+T%C3%B9ng+M%E1%BA%ADu+%28%C4%90%E1%BB%91i+di%E1%BB%87n+Bitexco%29/data=!4m7!3m6!1s0x31752fc2f65117eb:0xe2eda60a86f2bb39!8m2!3d10.7719649!4d106.7037412!16s%2Fg%2F11k1b6csb1!19sChIJ6xdR9sIvdTERObvyhgqm7eI?authuser=0&hl=en&rclk=1
phở,"Quận 1, TP. Hồ Chí Minh","phở ở Quận 1, TP. Hồ Chí Minh",Phở Trang Lê Quốc Hưng,https://www.google.com/maps/place/Ph%E1%BB%9F+Trang+L%C3%AA+Qu%E1%BB%91c+H%C6%B0ng/data=!4m7!3m6!1s0x31752f7a5547fa47:0xc852e3a8d15f9395!8m2!3d10.7654241!4d106.7029064!16s%2Fg%2F11qp3sjc5g!19sChIJR_pHVXovdTERlZNf0ajjUsg?authuser=0&hl=en&rclk=1
phở,"Quận 1, TP. Hồ Chí Minh","phở ở Quận 1, TP. Hồ Chí Minh",Pho nho,https://www.google.com/maps/place/Pho+nho/data=!4m7!3m6!1s0x31752ff922a1dfcd:0x427c8ec3c6637489!8m2!3d10.7719844!4d106.7036582!16s%2Fg%2F11j7cw2lyv!19sChIJzd-hIvkvdTERiXRjxsOOfEI?authuser=0&hl=en&rclk=1
phở,"Quận 1, TP. Hồ Chí Minh","phở ở Quận 1, TP. Hồ Chí Minh",PHỞ 24 - LÊ THÁNH TÔN,https://www.google.com/maps/place/PH%E1%BB%9E+24+-+L%C3%8A+TH%C3%81NH+T%C3%94N/data=!4m7!3m6!1s0x31752f88d577c01b:0xcce32204aee8bf29!8m2!3d10.7801754!4d106.7044629!16s%2Fg%2F11lgwbf7xr!19sChIJG8B31YgvdTERKb_orgQi48w?authuser=0&hl=en&rclk=1
phở,"Quận 1, TP. Hồ Chí Minh","phở ở Quận 1, TP. Hồ Chí Minh",Bánh Bèo Chợ Bến Thành,https://www.google.com/maps/place/B%C3%A1nh+B%C3%A8o+Ch%E1%BB%A3+B%E1%BA%BFn+Th%C3%A0nh/data=!4m7!3m6!1s0x31752f38cb8ccbd1:0x3acb17f2357cda24!8m2!3d10.7726528!4d106.6975357!16s%2Fg%2F11hb49v8mj!19sChIJ0cuMyzgvdTERJNp8NfIXyzo?authuser=0&hl=en&rclk=1
phở,"Quận 1, TP. Hồ Chí Minh","phở ở Quận 1, TP. Hồ Chí Minh",Phở 2N - Bò Wagyu,https://www.google.com/maps/place/Ph%E1%BB%9F+2N+-+B%C3%B2+Wagyu/data=!4m7!3m6!1s0x31752f005063fde3:0x86e9e04421739e35!8m2!3d10.7622566!4d106.6919562!16s%2Fg%2F11wftkymw8!19sChIJ4_1jUAAvdTERNZ5zIUTg6YY?authuser=0&hl=en&rclk=1
phở,"Quận 1, TP. Hồ Chí Minh","phở ở Quận 1, TP. Hồ Chí Minh",PHO HUY 67 | PHO NGON QUAN 4,https://www.google.com/maps/place/PHO+HUY+67+%7C+PHO+NGON+QUAN+4/data=!4m7!3m6!1s0x31752fbe593dd9fd:0x6e5933a91db542d7!8m2!3d10.764717!4d106.705202!16s%2Fg%2F11kk604spg!19sChIJ_dk9Wb4vdTER10K1HakzWW4?authuser=0&hl=en&rclk=1
phở,"Quận 1, TP. Hồ Chí Minh","phở ở Quận 1, TP. Hồ Chí Minh",Phở Tàu Bay (Áo Đỏ),https://www.google.com/maps/place/Ph%E1%BB%9F+T%C3%A0u+Bay+%28%C3%81o+%C4%90%E1%BB%8F%29/data=!4m7!3m6!1s0x31752f438e3468f7:0x78f09ee70dd1ef70!8m2!3d10.7678025!4d106.6687492!16s%2Fg%2F1tdvb213!19sChIJ92g0jkMvdTERcO_RDeee8Hg?authuser=0&hl=en&rclk=1
phở,"Quận 1, TP. Hồ Chí Minh","phở ở Quận 1, TP. Hồ Chí Minh",Tiem Pho,https://www.google.com/maps/place/Tiem+Pho/data=!4m7!3m6!1s0x31752f0255a3c249:0x940558a5a5003043!8m2!3d10.7717912!4d106.696142!16s%2Fg%2F11gvdqfyw8!19sChIJScKjVQIvdTERQzAApaVYBZQ?authuser=0&hl=en&rclk=1
phở,"Quận 1, TP. Hồ Chí Minh","phở ở Quận 1, TP. Hồ Chí Minh",Hủ tiếu Mỹ Tho Thanh Xuân,https://www.google.com/maps/place/H%E1%BB%A7+ti%E1%BA%BFu+M%E1%BB%B9+Tho+Thanh+Xu%C3%A2n/data=!4m7!3m6!1s0x31752f47308bcec5:0xcdb071afe8640171!8m2!3d10.7735642!4d106.701962!16s%2Fg%2F1v3kkklh!19sChIJxc6LMEcvdTERcQFk6K9xsM0?authuser=0&hl=en&rclk=1
phở,"Quận 1, TP. Hồ Chí Minh","phở ở Quận 1, TP. Hồ Chí Minh",Phở Bắc 30,https://www.google.com/maps/place/Ph%E1%BB%9F+B%E1%BA%AFc+30/data=!4m7!3m6!1s0x31752f8275c4bbcf:0x7ff03c77916437c7!8m2!3d10.765631!4d106.704556!16s%2Fg%2F11gslv6wjd!19sChIJz7vEdYIvdTERxzdkkXc88H8?authuser=0&hl=en&rclk=1
phở,"Quận 1, TP. Hồ Chí Minh","phở ở Quận 1, TP. Hồ Chí Minh",Arcoffee & Phở Hà Nội,https://www.google.com/maps/place/Arcoffee+%26+Ph%E1%BB%9F+H%C3%A0+N%E1%BB%99i/data=!4m7!3m6!1s0x31752fec06ad26cd:0xdaafbed17e550029!8m2!3d10.778469!4d106.7049988!16s%2Fg%2F11y4ybbwpj!19sChIJzSatBuwvdTERKQBVftG-r9o?authuser=0&hl=en&rclk=1
phở,"Quận 1, TP. Hồ Chí Minh","phở ở Quận 1, TP. Hồ Chí Minh",QUÁN BÒ 9 MÓN - Q1,https://www.google.com/maps/place/QU%C3%81N+B%C3%92+9+M%C3%93N+-+Q1/data=!4m7!3m6!1s0x31752f5741c5490b:0x71b09c224aaef1da!8m2!3d10.7638045!4d106.6930465!16s%2Fg%2F11qpxlkbj1!19sChIJC0nFQVcvdTER2vGuSiKcsHE?authuser=0&hl=en&rclk=1
phở,"Quận 1, TP. Hồ Chí Minh","phở ở Quận 1, TP. Hồ Chí Minh",NHAU NHAU,https://www.google.com/maps/place/NHAU+NHAU/data=!4m7!3m6!1s0x31752f4311bd1677:0x1fa50f7e2d129957!8m2!3d10.7717448!4d106.7029155!16s%2Fg%2F11h2jy0mf9!19sChIJdxa9EUMvdTERV5kSLX4PpR8?authuser=0&hl=en&rclk=1
phở,"Quận 1, TP. Hồ Chí Minh","phở ở Quận 1, TP. Hồ Chí Minh",Phở Hoàng Yến,https://www.google.com/maps/place/Ph%E1%BB%9F+Ho%C3%A0ng+Y%E1%BA%BFn/data=!4m7!3m6!1s0x31752f1f72fc011d:0x3222d27ef87110af!8m2!3d10.7669491!4d106.6801719!16s%2Fg%2F1pzv74q7s!19sChIJHQH8ch8vdTERrxBx-H7SIjI?authuser=0&hl=en&rclk=1
phở,"Quận 1, TP. Hồ Chí Minh","phở ở Quận 1, TP. Hồ Chí Minh",Miến - Phở gà - 43 Mạc Đĩnh Chi,https://www.google.com/maps/place/Mi%E1%BA%BFn+-+Ph%E1%BB%9F+g%C3%A0+-+43+M%E1%BA%A1c+%C4%90%C4%A9nh+Chi/data=!4m7!3m6!1s0x31752ff085861761:0x51165417326a7b9c!8m2!3d10.7857424!4d106.6978959!16s%2Fg%2F11l35dghjj!19sChIJYReGhfAvdTERnHtqMhdUFlE?authuser=0&hl=en&rclk=1
phở,"Quận 1, TP. Hồ Chí Minh","phở ở Quận 1, TP. Hồ Chí Minh",Phở Chua Thành,https://www.google.com/maps/place/Ph%E1%BB%9F+Chua+Tha%CC%80nh/data=!4m7!3m6!1s0x31752f203b2345a1:0x690f9b534b1014b7!8m2!3d10.7709965!4d106.6795425!16s%2Fg%2F1vxvfc0m!19sChIJoUUjOyAvdTERtxQQS1ObD2k?authuser=0&hl=en&rclk=1
phở,"Quận 1, TP. Hồ Chí Minh","phở ở Quận 1, TP. Hồ Chí Minh",Miến lươn Thanh Thảo,https://www.google.com/maps/place/Mi%E1%BA%BFn+l%C6%B0%C6%A1n+Thanh+Th%E1%BA%A3o/data=!4m7!3m6!1s0x31752f3ecb3f2cc7:0x8262fa36fec8e39e!8m2!3d10.7733347!4d106.695404!16s%2Fg%2F1wtbrcyf!19sChIJxyw_yz4vdTERnuPI_jb6YoI?authuser=0&hl=en&rclk=1
phở,"Quận 1, TP. Hồ Chí Minh","phở ở Quận 1, TP. Hồ Chí Minh",Mạ Quán,https://www.google.com/maps/place/M%E1%BA%A1+Qu%C3%A1n/data=!4m7!3m6!1s0x31752f32b2182a05:0xcda244904f697c55!8m2!3d10.7757893!4d106.7032169!16s%2Fg%2F11krmv1j38!19sChIJBSoYsjIvdTERVXxpT5BEos0?authuser=0&hl=en&rclk=1
phở,"Quận 1, TP. Hồ Chí Minh","phở ở Quận 1, TP. Hồ Chí Minh",Xôi Na,https://www.google.com/maps/place/X%C3%B4i+Na/data=!4m7!3m6!1s0x31752fc6d1229c37:0x20f4dfa0292c9369!8m2!3d10.7878299!4d106.6962891!16s%2Fg%2F11stxllw7m!19sChIJN5wi0cYvdTERaZMsKaDf9CA?authuser=0&hl=en&rclk=1
phở,"Quận 1, TP. Hồ Chí Minh","phở ở Quận 1, TP. Hồ Chí Minh",Quán Phở Lựa,https://www.google.com/maps/place/Qu%C3%A1n+Ph%E1%BB%9F+L%E1%BB%B1a/data=!4m7!3m6!1s0x31752f132d491157:0x575f127bec8ef6e6!8m2!3d10.7599145!4d106.6998588!16s%2Fg%2F1hc1yksv6!19sChIJVxFJLRMvdTER5vaO7HsSX1c?authuser=0&hl=en&rclk=1
